Activities,Automobile speeding propensity,1
Activities,Facial ageing,1
Activities,First PC of the four riskly behaviours,2
Activities,General risk tolerance,2
Activities,Life satisfaction (MA GWAMA),1
Activities,"Medication for cholesterol, blood pressure or diabetes: Blood pressure medication",1
Activities,"Medication for cholesterol, blood pressure or diabetes: Cholesterol lowering medication",1
Activities,"Medication for cholesterol, blood pressure, diabetes, or take exogenous hormones: Blood pressure medication",1
Activities,Number of treatments/medications taken,1
Activities,Overall activity (conditioning sex and BMI),1
Activities,Overall health rating,1
Activities,Positive affect (MA GWAMA),2
Activities,Self-rated health,1
Activities,Strenuous sports or other exercises,1
Activities,Time spent watching television (TV),2
Activities,Treatment/medication code: metformin,1
Activities,Usual walking pace,4
Body Structures,Mouth/teeth dental problems: Dentures,1
Cardiovascular,Heart rate increase,2
Cardiovascular,High blood pressure,1
Cardiovascular,"Non-cancer illness code, self-reported: hypertension",1
Cardiovascular,Pulse rate (automated reading),1
Cardiovascular,Resting heart rate,1
Cardiovascular,Systolic Blood Pressure (automated reading),1
Cardiovascular,Vascular/heart problems diagnosed by doctor: High blood pressure,1
Cell,Measles IgG levels,1
Cognitive,Ambidextrousness,1
Cognitive,Cognitive performance,2
Cognitive,Intelligence,1
Cognitive,Numeric memory test - Maximum digits remembered correctly,1
Cognitive,Verbal-numerical reasoning,2
Connective Tissue,Carpal tunnel syndrome,1
Dermatological,Ease of skin tanning,2
Dermatological,Eczema,1
Dermatological,"Hair colour (natural, before greying): Black",1
Dermatological,"Hair colour (natural, before greying): Blonde",2
Dermatological,"Hair colour (natural, before greying): Dark brown",1
Dermatological,"Hair colour (natural, before greying): Red",1
Dermatological,Male pattern baldness (BOLT LMM infinitesimal mixed model),1
Dermatological,Male pattern baldness (BOLT LMM non-infinitesimal mixed model),1
Dermatological,Skin colour,1
Endocrine,Diabetes (diagnosed by doctor),1
Endocrine,Diagnoses - secondary ICD10: E11 Type 2 diabetes mellitus,1
Endocrine,"Non-cancer illness code, self-reported: diabetes",1
Endocrine,Type 2 Diabetes,16
Endocrine,Type 2 Diabetes (adjusted for BMI),1
Environment,Attendance/disability/mobility allowance: Blue badge,1
Environment,Education - Qualifications,3
Environment,Educational attainment,10
Environment,Illnesses of mother: Diabetes,1
Environment,Illnesses of siblings: Diabetes,1
Environment,Illnesses of siblings: High blood pressure,1
Environment,Job involves heavy manual or physical work,1
Environment,Maternal smoking around birth,1
Environmental,Agents acting on the renin-angiotensin system,6
Environmental,Calcium channel blockers,2
Environmental,Diuretics,8
Environmental,Drugs used in diabetes,1
Environmental,HMG CoA reductase inhibitors,1
Environmental,Thyroid preparations,6
Gastrointestinal,Diagnoses - secondary ICD10: K44 Diaphragmatic hernia,1
Gastrointestinal,Inflammatory Bowel Disease,1
Gastrointestinal,Primary sclerosing cholangitis,1
Hematological,Hemoglobin A1c,1
Immunological,Basophil count (three-way meta),5
Immunological,Basophil count (two-way meta),4
Immunological,Eosinophil count (two-way meta),1
Immunological,Eosinophil percentage of granulocytes (three-way meta),1
Immunological,Eosinophil percentage of granulocytes (two-way meta),1
Immunological,Eosinophil percentage of white cells (three-way meta),1
Immunological,Granulocyte count (three-way meta),7
Immunological,Granulocyte count (two-way meta),6
Immunological,Granulocyte percentage of myeloid white cells (three-way meta),1
Immunological,Granulocyte percentage of myeloid white cells (two-way meta),1
Immunological,Hematocrit (three-way meta),2
Immunological,Hematocrit (two-way meta),1
Immunological,Hemoglobin concentration (three-way meta),1
Immunological,Hemoglobin concentration (two-way meta),1
Immunological,High light scatter percentage of red cells (three-way meta),4
Immunological,High light scatter percentage of red cells (two-way meta),2
Immunological,High light scatter reticulocyte count (three-way meta),3
Immunological,High light scatter reticulocyte count (two-way meta),2
Immunological,Immature fraction of reticulocytes (three-way meta),2
Immunological,Immature fraction of reticulocytes (two-way meta),1
Immunological,Lymphocyte percentage of white cells (two-way meta),1
Immunological,Mean corpuscular hemoglobin (three-way meta),5
Immunological,Mean corpuscular hemoglobin (two-way meta),4
Immunological,Mean corpuscular volume (three-way meta),5
Immunological,Mean corpuscular volume (two-way meta),3
Immunological,Monocyte count (three-way meta),6
Immunological,Monocyte count (two-way meta),1
Immunological,Monocyte percentage of white cells (three-way meta),1
Immunological,Monocyte percentage of white cells (two-way meta),1
Immunological,Myeloid white cell count (three-way meta),8
Immunological,Myeloid white cell count (two-way meta),7
Immunological,Neutrophil count (three-way meta),7
Immunological,Neutrophil count (two-way meta),8
Immunological,Neutrophil percentage of white cells (three-way meta),1
Immunological,Neutrophil percentage of white cells (two-way meta),1
Immunological,Platelet count,1
Immunological,Platelet count (three-way meta),1
Immunological,Platelet count (two-way meta),1
Immunological,Platelet distribution width (three-way meta),9
Immunological,Platelet distribution width (two-way meta),9
Immunological,Plateletcrit (three-way meta),1
Immunological,Plateletcrit (two-way meta),1
Immunological,Red blood cell count (three-way meta),1
Immunological,Red blood cell count (two-way meta),1
Immunological,Red cell distribution width (three-way meta),13
Immunological,Red cell distribution width (two-way meta),13
Immunological,Reticulocyte count (three-way meta),2
Immunological,Reticulocyte count (two-way meta),2
Immunological,Reticulocyte fraction of red cells (three-way meta),2
Immunological,Reticulocyte fraction of red cells (two-way meta),3
Immunological,Sum basophil neutrophil count (three-way meta),7
Immunological,Sum basophil neutrophil count (two-way meta),7
Immunological,Sum neutrophil eosinophil count (three-way meta),7
Immunological,Sum neutrophil eosinophil count (two-way meta),7
Immunological,White blood cell count (three-way meta),7
Immunological,White blood cell count (two-way meta),5
Metabolic,Arms-arm fat ratio (female),13
Metabolic,Arms-arm fat ratio (male),3
Metabolic,Blood urea nitrogen,3
Metabolic,Body Mass Index,31
Metabolic,Body Mass Index (female <= 50 yrs),1
Metabolic,Body Mass Index (female > 50 yrs),1
Metabolic,Body Mass Index (female),15
Metabolic,Body Mass Index (male <= 50 yrs),1
Metabolic,Body Mass Index (male > 50 yrs),1
Metabolic,Body Mass Index (male),14
Metabolic,Body Mass Index - Child,1
Metabolic,Body fat percentage,1
Metabolic,Childhood obesity,1
Metabolic,Comparative body size at age 10,1
Metabolic,Diagnoses - secondary ICD10: E66 Overweight and obesity,1
Metabolic,Estimated glomerular filtration rate,12
Metabolic,Extreme Body Mass Index,1
Metabolic,Extreme obesity (childhood),2
Metabolic,HbA1c,1
Metabolic,High-density lipoprotein cholesterol,1
Metabolic,Hip circumference,8
Metabolic,Hip circumference (female),3
Metabolic,Hip circumference (male),3
Metabolic,Impedance measures - Arm fat mass (left),3
Metabolic,Impedance measures - Arm fat mass (right),3
Metabolic,Impedance measures - Arm fat percentage (left),4
Metabolic,Impedance measures - Arm fat percentage (right),4
Metabolic,Impedance measures - Arm fat-free mass (left),6
Metabolic,Impedance measures - Arm fat-free mass (right),6
Metabolic,Impedance measures - Arm predicted mass (left),6
Metabolic,Impedance measures - Arm predicted mass (right),7
Metabolic,Impedance measures - Basal metabolic rate,6
Metabolic,Impedance measures - Body Mass Index (BMI),2
Metabolic,Impedance measures - Body fat percentage,4
Metabolic,Impedance measures - Impedance of arm (left),10
Metabolic,Impedance measures - Impedance of arm (right),10
Metabolic,Impedance measures - Impedance of leg (left),7
Metabolic,Impedance measures - Impedance of leg (right),7
Metabolic,Impedance measures - Impedance of whole body,10
Metabolic,Impedance measures - Leg fat mass (left),3
Metabolic,Impedance measures - Leg fat mass (right),3
Metabolic,Impedance measures - Leg fat percentage (left),5
Metabolic,Impedance measures - Leg fat percentage (right),5
Metabolic,Impedance measures - Leg fat-free mass (left),5
Metabolic,Impedance measures - Leg fat-free mass (right),5
Metabolic,Impedance measures - Leg predicted mass (left),5
Metabolic,Impedance measures - Leg predicted mass (right),5
Metabolic,Impedance measures - Trunk fat mass,4
Metabolic,Impedance measures - Trunk fat percentage,3
Metabolic,Impedance measures - Trunk fat-free mass,6
Metabolic,Impedance measures - Trunk predicted mass,6
Metabolic,Impedance measures - Weight,5
Metabolic,Impedance measures - Whole body fat mass,4
Metabolic,Impedance measures - Whole body fat-free mass,6
Metabolic,Impedance measures - Whole body water mass,6
Metabolic,Lactate dehydrogenase,1
Metabolic,Legs-leg fat ratio (female),5
Metabolic,Legs-leg fat ratio (male),1
Metabolic,Low-density lipoprotein cholesterol,1
Metabolic,Low-density-lipoprotein cholesterol,1
Metabolic,"Non-cancer illness code, self-reported: high cholesterol",1
Metabolic,Obesity class 1,1
Metabolic,Obesity class 2,1
Metabolic,Obesity class 3,1
Metabolic,Overweight,1
Metabolic,Subcutaneous adipose tissue volume,1
Metabolic,Thin vs extreme obese,2
Metabolic,Total cholesterol,1
Metabolic,Triglycerides cholesterol,1
Metabolic,Trunk-trunk fat ratio (female),6
Metabolic,Trunk-trunk fat ratio (male),2
Metabolic,Variability of Body Mass Index,1
Metabolic,Waist circumference,5
Metabolic,Waist circumference (adjusted for BMI),2
Metabolic,Waist circumference (female),3
Metabolic,"Waist circumference (female, adjusted for BMI)",2
Metabolic,Waist circumference (male),3
Metabolic,Waist-hip ratio,5
Metabolic,Waist-hip ratio (adjusted for BMI),9
Metabolic,"Waist-hip ratio (adjusted for BMI, female)",2
Metabolic,"Waist-hip ratio (adjusted for BMI, male)",9
Metabolic,Waist-hip ratio (female),3
Metabolic,Waist-hip ratio (male),5
Metabolic,Weight,5
Metabolic,Weight (female),1
Metabolic,Weight (male),1
Mortality,Father's age at death,1
Neurological,Anterior corona radiata fractional anisotropy,1
Neurological,Anterior corona radiata radial diusivities,1
Neurological,Anterior limb of internal capsule fractional anisotropy,1
Neurological,Brain stem,1
Neurological,Cingulum (hippocampus) axial diusivities,1
Neurological,Cingulum (hippocampus) mean diusivities,1
Neurological,Fornix (cres) / Stria terminalis mean diusivities,1
Neurological,Fornix (cres) / Stria terminalis radial diusivities,1
Neurological,Gray matter,1
Neurological,Inferior fronto-occipital fasciculus fractional anisotropy,1
Neurological,Left cerebellum exterior,1
Neurological,Left cerebellum white matter,2
Neurological,Left entorhinal,1
Neurological,Left pallidum,3
Neurological,Pain type(s) experienced in last month: Back pain,1
Neurological,Pain type(s) experienced in last month: Hip pain,1
Neurological,Pain type(s) experienced in last month: Knee pain,1
Neurological,Right cerebellum exterior,1
Neurological,Right cerebellum white matter,1
Neurological,Superior corona radiata mode of anisotropy,1
Nutritional,Beef intake,2
Nutritional,Bread type: White,2
Nutritional,Bread type: Wholemeal or wholegrain,1
Nutritional,Cereal type: Muesli,1
Nutritional,"Cereal type: Oat cereal (e.g. Ready Brek, porridge)",1
Nutritional,Cheese intake,1
Nutritional,Coffee intake,1
Nutritional,"Coffee type: Ground coffee (include espresso, filter etc)",1
Nutritional,Major dietary changes in the last 5 years,1
Nutritional,Milk type used: Full cream,1
Nutritional,Milk type used: Skimmed,1
Nutritional,Milk type used: Soya,1
Nutritional,Non-oily fish intake,4
Nutritional,Oily fish intake,3
Nutritional,Pork intake,1
Nutritional,Poultry intake,3
Nutritional,Salt added to food,2
Nutritional,Tea intake,1
Nutritional,Variation in diet,1
Nutritional,Water intake,2
Ophthalmological,Diagnoses - main ICD10: H26 Other cataract,1
Psychiatric,Age started smoking in former smokers,1
Psychiatric,Alcohol intake frequency,1
Psychiatric,Average weekly beer plus cider intake,2
Psychiatric,Chronotype,4
Psychiatric,Chronotype (continuous),1
Psychiatric,Cigarettes per day,1
Psychiatric,Depression,1
Psychiatric,Depressive affect subcluster,1
Psychiatric,Depressive symptoms (MA GWAMA),1
Psychiatric,Depressive symptoms (univariate),1
Psychiatric,Ease of getting up in the morning,1
Psychiatric,Ever smoked regulary,1
Psychiatric,Ever smoker,1
Psychiatric,Extreme chronotype,1
Psychiatric,Fed-up feelings,1
Psychiatric,Fed-up feelings (FED_UP),1
Psychiatric,Frequency of tiredness / lethargy in last 2 weeks,1
Psychiatric,Getting up in morning,1
Psychiatric,Loneliness,1
Psychiatric,Loneliness (MTAG),1
Psychiatric,Long sleep,1
Psychiatric,Miserableness,1
Psychiatric,Miserableness (MIS),1
Psychiatric,Morning person (binary),1
Psychiatric,Morning/evening person (chronotype),1
Psychiatric,Morningness,1
Psychiatric,Nervous feelings,1
Psychiatric,Nervous feelings (NERV-FEEL),1
Psychiatric,Neuroticism,13
Psychiatric,Neuroticism (MA GWAMA),9
Psychiatric,Neuroticism (univariate),7
Psychiatric,Neuroticism general factor,5
Psychiatric,Neuroticism score,1
Psychiatric,PGC cross disorder,1
Psychiatric,Schizophrenia,4
Psychiatric,Schizophrenia vs Bipolar disorder,2
Psychiatric,Schizophrenia/Bipolar disorder,3
Psychiatric,"Seen doctor (GP) for nerves, anxiety, tension or depression",1
Psychiatric,Sleep duration,6
Psychiatric,Sleep duration (mean),1
Psychiatric,Sleep efficiency,1
Psychiatric,Sleep sedentary (conditioning sex and BMI),1
Psychiatric,Snoring,2
Psychiatric,Well-being spectrum,6
Psychiatric,Worrier / anxious feelings,2
Psychiatric,Worrier / anxious feelings (WORRY),1
Psychiatric,Worry subcluster,1
Reproduction,Age at first live birth (female),1
Reproduction,Age at menarche,6
Reproduction,Age first had sexual intercourse,1
Reproduction,Age when periods started (menarche) (female),2
Reproduction,Number of sexual partners,3
Reproduction,Relative age of first facial hair (male),2
Reproduction,Relative age voice broke (male),1
Respiratory,Chest pain or discomfort,1
Respiratory,FEV1,11
Respiratory,FEV1/FVC ratio,4
Respiratory,FVC,8
Respiratory,PEF,6
Skeletal,Comparative height size at age 10,4
Skeletal,Diagnoses - main ICD10: M16 Osteoarthritis of hip,1
Skeletal,Diagnoses - main ICD10: M17 Osteoarthritis of knee,1
Skeletal,Diagnoses - main ICD10: M23 Internal derangement of knee,1
Skeletal,Estimated BMD,13
Skeletal,Estimated bone mineral density from heel ultrasounds,11
Skeletal,Heel bone mineral density,19
Skeletal,Height,10
Skeletal,Osteoarthritis (hospital diagnosed),2
Skeletal,Osteoarthritis (self reported),2
Skeletal,Osteoarthritis of hip,1
Skeletal,Osteoarthritis of hip and/or knee,1
Skeletal,Sitting height,6
Skeletal,Standing height,5
Skeletal,Systemic Lupus Erythematosus,4
Skeletal,Total body BMD,1
Skeletal,Total body BMD (60 or older),1
Social Interactions,Social support - Leisure/social activities: Adult education class,2
Social Interactions,Social support - Leisure/social activities: Sports club or gym,1
Activities,Age started wearing glasses or contact lenses,1
Activities,Automobile speeding propensity,1
Activities,Health satisfaction,1
Activities,"Medication for cholesterol, blood pressure or diabetes: Blood pressure medication",1
Activities,"Medication for cholesterol, blood pressure or diabetes: Cholesterol lowering medication",1
Activities,"Medication for cholesterol, blood pressure, diabetes, or take exogenous hormones: Blood pressure medication",1
Activities,"Medication for pain relief, constipation, heartburn: Ibuprofen (e.g. Nurofen)",1
Activities,Moderate intesity (conditioning sex and BMI),1
Activities,Number of treatments/medications taken,1
Activities,Overall activity (conditioning sex and BMI),2
Activities,Overall health rating,1
Activities,Positive affect (MA GWAMA),1
Activities,"Reason for glasses/contact lenses: For short-sightedness, i.e. only or mainly for distance viewing such as driving, cinema etc (called 'myopia')",1
Activities,Time spent watching television (TV),1
Activities,Treatment/medication code: metformin,1
Activities,Treatment/medication code: simvastatin,1
Activities,Use of sun/uv protection,1
Activities,Usual walking pace,1
Body Structures,Mouth/teeth dental problems: Dentures,1
Cardiovascular,Atrial Fibrillation,1
Cardiovascular,Coronary artery disease,2
Cardiovascular,Coronary artery disease (SOFT definition including angina),1
Cardiovascular,Diastolic Blood Pressure (automated reading),1
Cardiovascular,High blood pressure,1
Cardiovascular,"Non-cancer illness code, self-reported: hypertension",1
Cardiovascular,Vascular/heart problems diagnosed by doctor: High blood pressure,1
Cognitive,Ambidextrousness,1
Cognitive,Cognitive performance,1
Cognitive,Intelligence,1
Cognitive,Verbal-numerical reasoning,1
Connective Tissue,Carpal tunnel syndrome,3
Dermatological,Ease of skin tanning,2
Dermatological,"Hair colour (natural, before greying): Dark brown",2
Dermatological,"Hair colour (natural, before greying): Red",1
Dermatological,Male pattern baldness (BOLT LMM infinitesimal mixed model),2
Dermatological,Male pattern baldness (BOLT LMM non-infinitesimal mixed model),2
Dermatological,Male-specific factors - Hair/balding pattern: Pattern 1,1
Dermatological,Male-specific factors - Hair/balding pattern: Pattern 4,2
Dermatological,Skin colour,2
Endocrine,Diabetes (diagnosed by doctor),1
Endocrine,Diagnoses - secondary ICD10: E11 Type 2 diabetes mellitus,1
Endocrine,"Non-cancer illness code, self-reported: diabetes",1
Endocrine,Type 2 Diabetes,8
Endocrine,Type 2 Diabetes (adjusted for BMI),1
Environment,Illnesses of father: Diabetes,1
Environment,Illnesses of mother: Diabetes,1
Environment,Illnesses of siblings: Breast cancer,1
Environment,Illnesses of siblings: Diabetes,1
Environment,Illnesses of siblings: High blood pressure,1
Environmental,Agents acting on the renin-angiotensin system,2
Environmental,Beta blocking agents,1
Environmental,Calcium channel blockers,2
Environmental,Diuretics,5
Environmental,Drugs used in diabetes,1
Environmental,HMG CoA reductase inhibitors,1
Environmental,Thyroid preparations,3
Gastrointestinal,Diverticular disease,2
Hematological,Hemoglobin A1c,1
Immunological,Granulocyte count (three-way meta),2
Immunological,Granulocyte count (two-way meta),3
Immunological,Immature fraction of reticulocytes (three-way meta),1
Immunological,Immature fraction of reticulocytes (two-way meta),1
Immunological,Mean corpuscular hemoglobin (three-way meta),1
Immunological,Mean corpuscular hemoglobin (two-way meta),1
Immunological,Mean corpuscular hemoglobin concentration (three-way meta),1
Immunological,Mean corpuscular hemoglobin concentration (two-way meta),1
Immunological,Mean corpuscular volume (three-way meta),1
Immunological,Mean corpuscular volume (two-way meta),1
Immunological,Monocyte count (three-way meta),1
Immunological,Myeloid white cell count (three-way meta),3
Immunological,Myeloid white cell count (two-way meta),3
Immunological,Neutrophil count (three-way meta),3
Immunological,Neutrophil count (two-way meta),3
Immunological,Platelet count (three-way meta),1
Immunological,Platelet count (two-way meta),1
Immunological,Platelet distribution width (three-way meta),4
Immunological,Platelet distribution width (two-way meta),5
Immunological,Plateletcrit (three-way meta),1
Immunological,Plateletcrit (two-way meta),1
Immunological,Red cell distribution width (three-way meta),6
Immunological,Red cell distribution width (two-way meta),5
Immunological,Sum basophil neutrophil count (three-way meta),3
Immunological,Sum basophil neutrophil count (two-way meta),3
Immunological,Sum neutrophil eosinophil count (three-way meta),1
Immunological,Sum neutrophil eosinophil count (two-way meta),2
Immunological,White blood cell count (three-way meta),3
Immunological,White blood cell count (two-way meta),2
Metabolic,Albuminuria,1
Metabolic,Arms-arm fat ratio (female),5
Metabolic,Arms-arm fat ratio (male),1
Metabolic,Blood urea nitrogen,3
Metabolic,Body Mass Index,18
Metabolic,Body Mass Index (Dominance deviation model),1
Metabolic,Body Mass Index (female <= 50 yrs),1
Metabolic,Body Mass Index (female > 50 yrs),1
Metabolic,Body Mass Index (female),7
Metabolic,Body Mass Index (male <= 50 yrs),1
Metabolic,Body Mass Index (male > 50 yrs),1
Metabolic,Body Mass Index (male),7
Metabolic,Body Mass Index - Child,1
Metabolic,Body fat percentage,1
Metabolic,Childhood obesity,1
Metabolic,Comparative body size at age 10,2
Metabolic,Diagnoses - secondary ICD10: E66 Overweight and obesity,1
Metabolic,Estimated glomerular filtration rate,2
Metabolic,Extreme Body Mass Index,1
Metabolic,Extreme obesity (childhood),1
Metabolic,HbA1c,2
Metabolic,High-density lipoprotein cholesterol,2
Metabolic,Hip circumference,7
Metabolic,Hip circumference (adjusted for BMI),2
Metabolic,Hip circumference (female),3
Metabolic,Hip circumference (male),3
Metabolic,"Hip circumference (male, adjusted for BMI)",2
Metabolic,Impedance measures - Arm fat mass (left),2
Metabolic,Impedance measures - Arm fat mass (right),2
Metabolic,Impedance measures - Arm fat percentage (left),4
Metabolic,Impedance measures - Arm fat percentage (right),4
Metabolic,Impedance measures - Arm fat-free mass (left),7
Metabolic,Impedance measures - Arm fat-free mass (right),7
Metabolic,Impedance measures - Arm predicted mass (left),7
Metabolic,Impedance measures - Arm predicted mass (right),7
Metabolic,Impedance measures - Basal metabolic rate,7
Metabolic,Impedance measures - Body Mass Index (BMI),3
Metabolic,Impedance measures - Body fat percentage,4
Metabolic,Impedance measures - Impedance of arm (left),5
Metabolic,Impedance measures - Impedance of arm (right),5
Metabolic,Impedance measures - Impedance of leg (left),7
Metabolic,Impedance measures - Impedance of leg (right),8
Metabolic,Impedance measures - Impedance of whole body,6
Metabolic,Impedance measures - Leg fat mass (left),3
Metabolic,Impedance measures - Leg fat mass (right),3
Metabolic,Impedance measures - Leg fat percentage (left),4
Metabolic,Impedance measures - Leg fat percentage (right),5
Metabolic,Impedance measures - Leg fat-free mass (left),7
Metabolic,Impedance measures - Leg fat-free mass (right),7
Metabolic,Impedance measures - Leg predicted mass (left),7
Metabolic,Impedance measures - Leg predicted mass (right),7
Metabolic,Impedance measures - Trunk fat mass,4
Metabolic,Impedance measures - Trunk fat percentage,4
Metabolic,Impedance measures - Trunk fat-free mass,7
Metabolic,Impedance measures - Trunk predicted mass,7
Metabolic,Impedance measures - Weight,6
Metabolic,Impedance measures - Whole body fat mass,4
Metabolic,Impedance measures - Whole body fat-free mass,7
Metabolic,Impedance measures - Whole body water mass,7
Metabolic,Legs-leg fat ratio (female),4
Metabolic,Leptin,1
Metabolic,Obesity class 1,1
Metabolic,Obesity class 2,1
Metabolic,Obesity class 3,1
Metabolic,Overweight,1
Metabolic,Subcutaneous adipose tissue volume,1
Metabolic,Thin vs extreme obese,1
Metabolic,Triglycerides cholesterol,1
Metabolic,Trunk-trunk fat ratio (female),5
Metabolic,Trunk-trunk fat ratio (male),1
Metabolic,Waist circumference,4
Metabolic,Waist circumference (female),3
Metabolic,Waist circumference (male),3
Metabolic,Waist-hip ratio,6
Metabolic,Waist-hip ratio (adjusted for BMI),7
Metabolic,"Waist-hip ratio (adjusted for BMI, female)",2
Metabolic,"Waist-hip ratio (adjusted for BMI, male)",7
Metabolic,Waist-hip ratio (female),5
Metabolic,Waist-hip ratio (male),6
Metabolic,Weight,6
Metabolic,Weight (female),1
Metabolic,Weight (male),1
Mortality,Life span,1
Neurological,Anterior corona radiata fractional anisotropy,1
Neurological,Anterior limb of internal capsule fractional anisotropy,1
Neurological,Anterior limb of internal capsule radial diusivities,1
Neurological,Average across all tracts fractional anisotropy,1
Neurological,External capsule fractional anisotropy,1
Neurological,External capsule mean diusivities,1
Neurological,External capsule radial diusivities,1
Neurological,Genu of corpus callosum fractional anisotropy,1
Neurological,Inferior fronto-occipital fasciculus fractional anisotropy,1
Neurological,Inferior fronto-occipital fasciculus radial diusivities,1
Neurological,Left insula,2
Neurological,Left thalamus proper,2
Neurological,Pain type(s) experienced in last month: Back pain,1
Neurological,Pain type(s) experienced in last month: Hip pain,1
Neurological,Pain type(s) experienced in last month: Knee pain,3
Neurological,Right pars orbitalis,1
Neurological,Superior fronto-occipital fasciculus radial diusivities,1
Nutritional,Beef intake,1
Nutritional,Bread intake,1
Nutritional,Bread type: White,1
Nutritional,Bread type: Wholemeal or wholegrain,1
Nutritional,"Cereal type: Oat cereal (e.g. Ready Brek, porridge)",1
Nutritional,Coffee intake,1
Nutritional,"Coffee type: Ground coffee (include espresso, filter etc)",2
Nutritional,Coffee type: Instant coffee,2
Nutritional,Cooked vegetable intake,1
Nutritional,Fresh fruit intake,1
Nutritional,Major dietary changes in the last 5 years,1
Nutritional,Milk type used: Full cream,1
Nutritional,Milk type used: Skimmed,1
Nutritional,"Never eat eggs, dairy, wheat, sugar: Sugar or foods/drinks containing sugar",2
Nutritional,Non-butter spread type details: Other low or reduced fat spread,1
Nutritional,Non-oily fish intake,3
Nutritional,Oily fish intake,1
Nutritional,Tea intake,1
Nutritional,Variation in diet,1
Nutritional,Water intake,2
Psychiatric,Alcohol intake frequency,1
Psychiatric,Alcohol usually taken with meals,1
Psychiatric,Average weekly beer plus cider intake,1
Psychiatric,Chronotype,4
Psychiatric,Chronotype (continuous),1
Psychiatric,Depression - Recent poor appetite or overeting,1
Psychiatric,Depressive symptoms (MA GWAMA),1
Psychiatric,Drinks per day,1
Psychiatric,Drinks per week,1
Psychiatric,Ease of getting up in the morning,1
Psychiatric,Extreme chronotype,1
Psychiatric,Getting up in morning,1
Psychiatric,Long sleep,1
Psychiatric,Morning person (binary),3
Psychiatric,Morning/evening person (chronotype),3
Psychiatric,Morningness,3
Psychiatric,Neuroticism,7
Psychiatric,Neuroticism (MA GWAMA),4
Psychiatric,Neuroticism (univariate),5
Psychiatric,Neuroticism general factor,3
Psychiatric,Sensitivity / hurt feelings,1
Psychiatric,Sensitivity / hurt feelings (HURT),1
Psychiatric,Sleep duration,3
Psychiatric,Snoring,4
Psychiatric,Traumatic events - Felt very upset when reminded of stressful expresince in past month,1
Psychiatric,Well-being spectrum,4
Reproduction,Age at menarche,4
Reproduction,Age when periods started (menarche) (female),1
Reproduction,Number of pregnancy terminations (female),1
Reproduction,Number of sexual partners,4
Reproduction,Relative age of first facial hair (male),2
Reproduction,Relative age voice broke (male),1
Respiratory,FEV1,3
Respiratory,FEV1/FVC ratio,5
Respiratory,FVC,3
Respiratory,PEF,8
Skeletal,Comparative height size at age 10,8
Skeletal,Diagnoses - main ICD10: M16 Osteoarthritis of hip,2
Skeletal,Diagnoses - main ICD10: M17 Osteoarthritis of knee,1
Skeletal,Estimated BMD,8
Skeletal,Estimated bone mineral density from heel ultrasounds,7
Skeletal,Extreme Height,1
Skeletal,Heel bone mineral density,11
Skeletal,Height,18
Skeletal,Height (female),1
Skeletal,Height (male),2
Skeletal,Osteoarthritis of hip (hospital diagnosed),1
Skeletal,Sitting height,9
Skeletal,Standing height,9
Skeletal,Systemic Lupus Erythematosus,3
Social Interactions,Social support - Leisure/social activities: Pub or social club,2
Activities,Age started wearing glasses or contact lenses,1
Activities,First PC of the four riskly behaviours,1
Activities,General risk tolerance,2
Activities,Hands-free device/speakerphone use with mobile phone in last 3 month,1
Activities,Positive affect (MA GWAMA),1
Activities,Positive affect (univariate),1
Activities,Types of transport used (excluding work): Cycle,1
Activities,Usual walking pace,1
Cardiovascular,Coronary artery disease,1
Cardiovascular,Diastolic Blood Pressure (automated reading),2
Cardiovascular,Heart rate increase,1
Cardiovascular,Heart rate recovery at 40 secnds,1
Cardiovascular,"Non-cancer illness code, self-reported: hypertension",1
Cardiovascular,Systolic Blood Pressure (automated reading),3
Cardiovascular,Vascular/heart problems diagnosed by doctor: High blood pressure,2
Cognitive,Cognitive performance,1
Cognitive,Intelligence,1
Dermatological,Ease of skin tanning,1
Dermatological,"Hair colour (natural, before greying): Black",1
Dermatological,Skin colour,1
Endocrine,Type 2 Diabetes,3
Environment,Educational attainment,4
Environmental,Agents acting on the renin-angiotensin system,5
Environmental,Calcium channel blockers,2
Environmental,Diuretics,4
Environmental,Thyroid preparations,3
Gastrointestinal,Diverticular disease,2
Immunological,Basophil count (three-way meta),2
Immunological,Basophil count (two-way meta),2
Immunological,Eosinophil percentage of granulocytes (three-way meta),1
Immunological,Eosinophil percentage of white cells (three-way meta),1
Immunological,Granulocyte count (three-way meta),3
Immunological,Granulocyte count (two-way meta),4
Immunological,Monocyte count (three-way meta),1
Immunological,Myeloid white cell count (three-way meta),4
Immunological,Myeloid white cell count (two-way meta),4
Immunological,Neutrophil count (three-way meta),3
Immunological,Neutrophil count (two-way meta),4
Immunological,Platelet count (three-way meta),1
Immunological,Platelet distribution width (three-way meta),3
Immunological,Platelet distribution width (two-way meta),4
Immunological,Plateletcrit (three-way meta),1
Immunological,Red blood cell count (three-way meta),1
Immunological,Red blood cell count (two-way meta),1
Immunological,Red cell distribution width (three-way meta),3
Immunological,Red cell distribution width (two-way meta),3
Immunological,Sum basophil neutrophil count (three-way meta),3
Immunological,Sum basophil neutrophil count (two-way meta),4
Immunological,Sum neutrophil eosinophil count (three-way meta),3
Immunological,Sum neutrophil eosinophil count (two-way meta),3
Immunological,White blood cell count (three-way meta),3
Immunological,White blood cell count (two-way meta),3
Metabolic,Arms-arm fat ratio (female),4
Metabolic,Birth weight of first child (female),1
Metabolic,Blood urea nitrogen,1
Metabolic,Body Mass Index,11
Metabolic,Body Mass Index (female),6
Metabolic,Body Mass Index (male),5
Metabolic,Estimated glomerular filtration rate,4
Metabolic,Hip circumference,2
Metabolic,Impedance measures - Arm fat mass (left),2
Metabolic,Impedance measures - Arm fat mass (right),2
Metabolic,Impedance measures - Arm fat percentage (left),2
Metabolic,Impedance measures - Arm fat percentage (right),2
Metabolic,Impedance measures - Arm fat-free mass (left),2
Metabolic,Impedance measures - Arm fat-free mass (right),1
Metabolic,Impedance measures - Arm predicted mass (left),1
Metabolic,Impedance measures - Arm predicted mass (right),1
Metabolic,Impedance measures - Basal metabolic rate,2
Metabolic,Impedance measures - Body Mass Index (BMI),2
Metabolic,Impedance measures - Body fat percentage,2
Metabolic,Impedance measures - Impedance of arm (left),2
Metabolic,Impedance measures - Impedance of arm (right),2
Metabolic,Impedance measures - Impedance of whole body,2
Metabolic,Impedance measures - Leg fat mass (left),2
Metabolic,Impedance measures - Leg fat mass (right),2
Metabolic,Impedance measures - Leg fat percentage (left),2
Metabolic,Impedance measures - Leg fat percentage (right),2
Metabolic,Impedance measures - Leg fat-free mass (left),1
Metabolic,Impedance measures - Leg fat-free mass (right),1
Metabolic,Impedance measures - Leg predicted mass (left),1
Metabolic,Impedance measures - Leg predicted mass (right),1
Metabolic,Impedance measures - Trunk fat mass,4
Metabolic,Impedance measures - Trunk fat percentage,2
Metabolic,Impedance measures - Trunk fat-free mass,1
Metabolic,Impedance measures - Trunk predicted mass,1
Metabolic,Impedance measures - Weight,3
Metabolic,Impedance measures - Whole body fat mass,2
Metabolic,Impedance measures - Whole body fat-free mass,1
Metabolic,Impedance measures - Whole body water mass,1
Metabolic,Trunk-trunk fat ratio (female),1
Metabolic,Waist circumference,2
Metabolic,Waist-hip ratio,2
Metabolic,Waist-hip ratio (adjusted for BMI),4
Metabolic,"Waist-hip ratio (adjusted for BMI, female)",1
Metabolic,"Waist-hip ratio (adjusted for BMI, male)",4
Metabolic,Waist-hip ratio (female),1
Metabolic,Waist-hip ratio (male),1
Metabolic,Weight,3
Neurological,Anterior corona radiata fractional anisotropy,1
Neurological,Genu of corpus callosum fractional anisotropy,1
Neurological,Left caudate,1
Neurological,Left pallidum,2
Neurological,Pain type(s) experienced in last month: Knee pain,1
Nutritional,Cereal intake,1
Nutritional,Non-oily fish intake,3
Nutritional,Poultry intake,1
Nutritional,Salad / raw vegetable intake,1
Nutritional,Salt added to food,1
Psychiatric,Anxiety/tension factors,1
Psychiatric,Chronotype,2
Psychiatric,Daytime dozing / sleeping (narcolepsy),1
Psychiatric,Ever smoked regulary,2
Psychiatric,Ever smoker,1
Psychiatric,Fed-up feelings,1
Psychiatric,Guilty feelings,1
Psychiatric,Guilty feelings (GUILT),1
Psychiatric,Irritability,2
Psychiatric,Irritability (IRR),1
Psychiatric,Mood swings,1
Psychiatric,Mood swings (MOOD),1
Psychiatric,Morning person (binary),2
Psychiatric,Nap during day,1
Psychiatric,Neuroticism,11
Psychiatric,Neuroticism (MA GWAMA),6
Psychiatric,Neuroticism (univariate),6
Psychiatric,Neuroticism general factor,6
Psychiatric,Neuroticism score,3
Psychiatric,Neuroticism sum score,2
Psychiatric,Sensitivity / hurt feelings,1
Psychiatric,Sensitivity / hurt feelings (HURT),1
Psychiatric,Short sleep,1
Psychiatric,Sleep duration,2
Psychiatric,Sleep sedentary (conditioning sex and BMI),1
Psychiatric,Smoking status: Never,1
Psychiatric,Well-being spectrum,4
Psychiatric,Worry too long after embarrassment,1
Psychiatric,Worry too long after embarrassment (WORR-EMB),1
Psychiatric,Worry/vulnerability factors,1
Reproduction,Age at first live birth (female),1
Reproduction,Age at menarche,2
Reproduction,Age when periods started (menarche) (female),2
Reproduction,Number of sexual partners,2
Reproduction,Relative age of first facial hair (male),1
Respiratory,FEV1,1
Respiratory,FEV1/FVC ratio,4
Respiratory,FVC,2
Skeletal,Comparative height size at age 10,1
Skeletal,Diagnoses - main ICD10: M17 Osteoarthritis of knee,1
Skeletal,Estimated BMD,4
Skeletal,Estimated bone mineral density from heel ultrasounds,4
Skeletal,Heel bone mineral density,5
Skeletal,Height,2
Skeletal,"Non-cancer illness code, self-reported: osteoarthritis",1
Skeletal,Sitting height,2
Skeletal,Standing height,2
Skeletal,Systemic Lupus Erythematosus,5
Social Interactions,Social support - Leisure/social activities: Pub or social club,1
Activities,Number of treatments/medications taken,1
Activities,Taking other prescription medications,1
Activities,Time spend outdoors in summer,1
Activities,Time spent watching television (TV),1
Activities,Usual walking pace,1
Body Structures,Mouth/teeth dental problems: Dentures,1
Cardiovascular,Diastolic Blood Pressure (automated reading),1
Cognitive,Cognitive performance,2
Cognitive,Fluid intelligence score,1
Cognitive,Fluid intelligence test - FI5 : family relationship calculation,1
Cognitive,Intelligence,1
Cognitive,Trail making test - Duration to complete alphanumeric path (trail #2),1
Cognitive,Verbal-numerical reasoning,2
Connective Tissue,Carpal tunnel syndrome,1
Connective Tissue,Rheumatoid Arthritis,1
Dermatological,"Hair colour (natural, before greying): Blonde",1
Dermatological,Vitiligo,1
Endocrine,Type 2 Diabetes,4
Environment,Age completed full time education,1
Environment,Education - Qualifications,1
Environment,Educational attainment,6
Environment,Job involves heavy manual or physical work,1
Environment,Job involves mainly walking or standing,1
Environmental,Agents acting on the renin-angiotensin system,2
Environmental,Calcium channel blockers,1
Environmental,Diuretics,3
Environmental,Opioids,1
Environmental,Thyroid preparations,3
Gastrointestinal,Diverticular disease,1
Gastrointestinal,Primary sclerosing cholangitis,1
Gastrointestinal,Ulcerative colitis,2
Immunological,Basophil count (three-way meta),1
Immunological,Basophil count (two-way meta),1
Immunological,Eosinophil percentage of granulocytes (three-way meta),2
Immunological,Eosinophil percentage of granulocytes (two-way meta),1
Immunological,Eosinophil percentage of white cells (three-way meta),2
Immunological,Eosinophil percentage of white cells (two-way meta),1
Immunological,Granulocyte count (three-way meta),4
Immunological,Granulocyte count (two-way meta),4
Immunological,Hematocrit (three-way meta),1
Immunological,Hemoglobin concentration (three-way meta),1
Immunological,Hemoglobin concentration (two-way meta),1
Immunological,High light scatter percentage of red cells (three-way meta),1
Immunological,Lymphocyte count (three-way meta),1
Immunological,Lymphocyte count (two-way meta),1
Immunological,Lymphocyte percentage of white cells (three-way meta),1
Immunological,Lymphocyte percentage of white cells (two-way meta),2
Immunological,Macrophage inflammatory protein-1 (CCL4),1
Immunological,Mean corpuscular hemoglobin (three-way meta),5
Immunological,Mean corpuscular hemoglobin (two-way meta),1
Immunological,Mean corpuscular hemoglobin concentration (three-way meta),1
Immunological,Mean corpuscular hemoglobin concentration (two-way meta),1
Immunological,Mean corpuscular volume (three-way meta),3
Immunological,Mean corpuscular volume (two-way meta),2
Immunological,Monocyte count (three-way meta),1
Immunological,Monocyte count (two-way meta),1
Immunological,Myeloid white cell count (three-way meta),4
Immunological,Myeloid white cell count (two-way meta),4
Immunological,Neutrophil count (three-way meta),4
Immunological,Neutrophil count (two-way meta),4
Immunological,Neutrophil percentage of white cells (three-way meta),1
Immunological,Neutrophil percentage of white cells (two-way meta),1
Immunological,Platelet count (three-way meta),1
Immunological,Platelet distribution width (three-way meta),5
Immunological,Platelet distribution width (two-way meta),5
Immunological,Plateletcrit (three-way meta),1
Immunological,Plateletcrit (two-way meta),1
Immunological,Red cell distribution width (three-way meta),6
Immunological,Red cell distribution width (two-way meta),6
Immunological,Reticulocyte count (three-way meta),1
Immunological,Reticulocyte fraction of red cells (three-way meta),1
Immunological,Reticulocyte fraction of red cells (two-way meta),1
Immunological,Sum basophil neutrophil count (three-way meta),4
Immunological,Sum basophil neutrophil count (two-way meta),4
Immunological,Sum neutrophil eosinophil count (three-way meta),4
Immunological,Sum neutrophil eosinophil count (two-way meta),4
Immunological,White blood cell count (three-way meta),4
Immunological,White blood cell count (two-way meta),4
Metabolic,Albuminuria,1
Metabolic,Arms-arm fat ratio (female),5
Metabolic,Birth weight of first child (female),1
Metabolic,Body Mass Index,14
Metabolic,Body Mass Index (female),6
Metabolic,Body Mass Index (male),5
Metabolic,Creatine kinase,1
Metabolic,Diagnoses - secondary ICD10: E66 Overweight and obesity,1
Metabolic,Estimated glomerular filtration rate,8
Metabolic,Hip circumference,1
Metabolic,Impedance measures - Arm fat mass (left),1
Metabolic,Impedance measures - Arm fat mass (right),1
Metabolic,Impedance measures - Arm fat percentage (left),1
Metabolic,Impedance measures - Arm fat percentage (right),1
Metabolic,Impedance measures - Arm fat-free mass (left),2
Metabolic,Impedance measures - Arm fat-free mass (right),2
Metabolic,Impedance measures - Arm predicted mass (left),2
Metabolic,Impedance measures - Arm predicted mass (right),2
Metabolic,Impedance measures - Basal metabolic rate,2
Metabolic,Impedance measures - Body Mass Index (BMI),1
Metabolic,Impedance measures - Body fat percentage,1
Metabolic,Impedance measures - Impedance of arm (left),5
Metabolic,Impedance measures - Impedance of arm (right),4
Metabolic,Impedance measures - Impedance of leg (left),2
Metabolic,Impedance measures - Impedance of leg (right),2
Metabolic,Impedance measures - Impedance of whole body,5
Metabolic,Impedance measures - Leg fat mass (left),1
Metabolic,Impedance measures - Leg fat mass (right),1
Metabolic,Impedance measures - Leg fat percentage (left),1
Metabolic,Impedance measures - Leg fat percentage (right),1
Metabolic,Impedance measures - Leg fat-free mass (left),1
Metabolic,Impedance measures - Leg fat-free mass (right),1
Metabolic,Impedance measures - Leg predicted mass (left),1
Metabolic,Impedance measures - Leg predicted mass (right),1
Metabolic,Impedance measures - Trunk fat mass,1
Metabolic,Impedance measures - Trunk fat percentage,1
Metabolic,Impedance measures - Trunk fat-free mass,2
Metabolic,Impedance measures - Trunk predicted mass,2
Metabolic,Impedance measures - Weight,1
Metabolic,Impedance measures - Whole body fat mass,1
Metabolic,Impedance measures - Whole body fat-free mass,2
Metabolic,Impedance measures - Whole body water mass,2
Metabolic,Triglycerides cholesterol,1
Metabolic,Trunk-trunk fat ratio (female),3
Metabolic,Trunk-trunk fat ratio (male),1
Metabolic,Uric acid,1
Metabolic,Waist circumference,1
Metabolic,Waist-hip ratio,1
Metabolic,Waist-hip ratio (adjusted for BMI),4
Metabolic,"Waist-hip ratio (adjusted for BMI, male)",4
Metabolic,Waist-hip ratio (male),1
Metabolic,Weight,1
Muscular,Leg pain on walking,1
Neurological,Corticospinal tract axial diusivities,1
Neurological,Corticospinal tract mean diusivities,1
Neurological,Corticospinal tract radial diusivities,1
Neurological,Frequent insomnia symptoms,2
Neurological,Inferior fronto-occipital fasciculus fractional anisotropy,1
Neurological,Left pallidum,2
Neurological,Pain type(s) experienced in last month: Knee pain,1
Nutritional,Non-oily fish intake,2
Nutritional,Oily fish intake,2
Nutritional,Poultry intake,1
Nutritional,Tea intake,1
Nutritional,Variation in diet,1
Ophthalmological,Central corneal thickness,1
Psychiatric,Autism spectrum disorder,1
Psychiatric,Bipolar disorder,1
Psychiatric,Chronotype,2
Psychiatric,Ever smoked regulary,1
Psychiatric,Morning person (binary),1
Psychiatric,Neuroticism,8
Psychiatric,Neuroticism (MA GWAMA),4
Psychiatric,Neuroticism (univariate),4
Psychiatric,Neuroticism general factor,4
Psychiatric,Sleep duration,3
Psychiatric,Well-being spectrum,3
Psychiatric,Why stopped smoking: Health precaution,1
Reproduction,Age at first birth,1
Reproduction,Age at first birth (female),1
Reproduction,Age at first live birth (female),1
Reproduction,Age at last live birth (female),1
Reproduction,Age first had sexual intercourse,1
Reproduction,Age last used hormone-replacement therapy (HRT) (female),1
Reproduction,Age started hormone-replacement therapy (HRT) (female),1
Reproduction,Age when periods started (menarche) (female),1
Reproduction,Number of live births (female),1
Reproduction,Number of sexual partners,2
Respiratory,Asthma (child-onset),1
Respiratory,FEV1,4
Respiratory,FEV1/FVC ratio,6
Respiratory,PEF,1
Skeletal,Comparative height size at age 10,1
Skeletal,Diagnoses - main ICD10: M17 Osteoarthritis of knee,1
Skeletal,Estimated BMD,6
Skeletal,Estimated bone mineral density from heel ultrasounds,4
Skeletal,Heel bone mineral density,9
Skeletal,Height,5
Skeletal,Sitting height,1
Skeletal,Standing height,2
Skeletal,Systemic Lupus Erythematosus,2
Activities,Age started wearing glasses or contact lenses,1
Activities,Automobile speeding propensity,1
Activities,Childhood sunburn occasions,1
Activities,First PC of the four riskly behaviours,1
Activities,Frequency of other exercises in last 4 weeks,1
Activities,General risk tolerance,3
Activities,"Medication for cholesterol, blood pressure, diabetes, or take exogenous hormones: Blood pressure medication",1
Activities,Number of days/week of vigorous physical activity 10+ minutes,1
Activities,Number of treatments/medications taken,1
Activities,Taking other prescription medications,2
Activities,Time spent watching television (TV),3
Activities,Treatment/medication code: levothyroxine sodium,1
Activities,Use of sun/uv protection,2
Activities,Usual walking pace,1
Body Structures,Mouth/teeth dental problems: Mouth ulcers,1
Cardiovascular,Atrial Fibrillation,1
Cardiovascular,Diagnoses - secondary ICD10: I10 Essential (primary) hypertension,1
Cardiovascular,Diastolic Blood Pressure (automated reading),3
Cardiovascular,"Non-cancer illness code, self-reported: hypertension",2
Cardiovascular,QRS interval,1
Cardiovascular,Resting heart rate,1
Cardiovascular,Systolic Blood Pressure (automated reading),1
Cardiovascular,Vascular/heart problems diagnosed by doctor: High blood pressure,2
Cell,CD84 - SLAM family member 5,1
Cell,Rubella IgG levels,1
Cognitive,Cognitive performance,3
Cognitive,Fluid intelligence score,1
Cognitive,Intelligence,2
Cognitive,Verbal-numerical reasoning,1
Connective Tissue,Rheumatoid Arthritis,6
Dermatological,Ease of skin tanning,2
Dermatological,"Hair colour (natural, before greying): Black",2
Dermatological,"Hair colour (natural, before greying): Blonde",1
Dermatological,"Hair colour (natural, before greying): Dark brown",3
Dermatological,"Hair colour (natural, before greying): Light brown",2
Dermatological,Male pattern baldness (BOLT LMM infinitesimal mixed model),5
Dermatological,Male pattern baldness (BOLT LMM non-infinitesimal mixed model),5
Dermatological,Male-specific factors - Hair/balding pattern: Pattern 1,1
Dermatological,Male-specific factors - Hair/balding pattern: Pattern 2,1
Dermatological,Male-specific factors - Hair/balding pattern: Pattern 3,1
Dermatological,Male-specific factors - Hair/balding pattern: Pattern 4,1
Dermatological,Skin colour,2
Dermatological,Vitiligo,4
Endocrine,Diabetes (diagnosed by doctor),2
Endocrine,Diagnoses - secondary ICD10: E03 Other hypothyroidism,1
Endocrine,Diagnoses - secondary ICD10: E11 Type 2 diabetes mellitus,2
Endocrine,Free thyroxine (FT4),1
Endocrine,"Non-cancer illness code, self-reported: diabetes",2
Endocrine,"Non-cancer illness code, self-reported: hypothyroidism/myxoedema",1
Endocrine,Thyroid-stimulating hormone,1
Endocrine,Thyroid-stimulating hormone (female),1
Endocrine,Thyroid-stimulating hormone (male),1
Endocrine,Type 1 Diabetes,1
Endocrine,Type 2 Diabetes,25
Endocrine,Type 2 Diabetes (adjusted for BMI),1
Environment,Education - Qualifications,1
Environment,Educational attainment,3
Environment,Illnesses of siblings: High blood pressure,1
Environmental,Agents acting on the renin-angiotensin system,9
Environmental,Antihistamines for systemic use,1
Environmental,Beta blocking agents,1
Environmental,Calcium channel blockers,5
Environmental,Diuretics,9
Environmental,Drugs used in diabetes,1
Environmental,HMG CoA reductase inhibitors,2
Environmental,Thyroid preparations,9
Gastrointestinal,Ulcerative colitis,1
Hematological,Hemoglobin A1c,1
Immunological,Basophil count (three-way meta),5
Immunological,Basophil count (two-way meta),5
Immunological,Eosinophil count (three-way meta),1
Immunological,Eosinophil count (two-way meta),1
Immunological,Eosinophil percentage of granulocytes (three-way meta),2
Immunological,Eosinophil percentage of granulocytes (two-way meta),1
Immunological,Eosinophil percentage of white cells (three-way meta),2
Immunological,Eosinophil percentage of white cells (two-way meta),1
Immunological,Granulocyte count (three-way meta),13
Immunological,Granulocyte count (two-way meta),10
Immunological,Granulocyte percentage of myeloid white cells (three-way meta),1
Immunological,Granulocyte percentage of myeloid white cells (two-way meta),1
Immunological,Hematocrit (three-way meta),2
Immunological,Hematocrit (two-way meta),2
Immunological,Hemoglobin concentration (three-way meta),1
Immunological,Hemoglobin concentration (two-way meta),1
Immunological,High light scatter percentage of red cells (three-way meta),3
Immunological,High light scatter percentage of red cells (two-way meta),4
Immunological,High light scatter reticulocyte count (three-way meta),3
Immunological,High light scatter reticulocyte count (two-way meta),2
Immunological,Immature fraction of reticulocytes (three-way meta),2
Immunological,Immature fraction of reticulocytes (two-way meta),2
Immunological,Lymphocyte count (three-way meta),2
Immunological,Lymphocyte count (two-way meta),1
Immunological,Lymphocyte percentage of white cells (three-way meta),1
Immunological,Mean corpuscular hemoglobin (three-way meta),4
Immunological,Mean corpuscular hemoglobin (two-way meta),1
Immunological,Mean corpuscular volume (three-way meta),6
Immunological,Mean corpuscular volume (two-way meta),4
Immunological,Monocyte count (three-way meta),7
Immunological,Monocyte count (two-way meta),5
Immunological,Monocyte percentage of white cells (three-way meta),1
Immunological,Monocyte percentage of white cells (two-way meta),1
Immunological,Myeloid white cell count (three-way meta),14
Immunological,Myeloid white cell count (two-way meta),11
Immunological,Neutrophil count (three-way meta),12
Immunological,Neutrophil count (two-way meta),9
Immunological,Neutrophil percentage of granulocytes (three-way meta),1
Immunological,Neutrophil percentage of granulocytes (two-way meta),1
Immunological,Neutrophil percentage of white cells (three-way meta),1
Immunological,Platelet count (three-way meta),5
Immunological,Platelet count (two-way meta),5
Immunological,Platelet distribution width (three-way meta),12
Immunological,Platelet distribution width (two-way meta),13
Immunological,Plateletcrit (three-way meta),6
Immunological,Plateletcrit (two-way meta),5
Immunological,Red blood cell count (three-way meta),2
Immunological,Red blood cell count (two-way meta),2
Immunological,Red cell distribution width (three-way meta),11
Immunological,Red cell distribution width (two-way meta),11
Immunological,Reticulocyte count (three-way meta),2
Immunological,Reticulocyte count (two-way meta),2
Immunological,Reticulocyte fraction of red cells (three-way meta),2
Immunological,Reticulocyte fraction of red cells (two-way meta),4
Immunological,Sum basophil neutrophil count (three-way meta),12
Immunological,Sum basophil neutrophil count (two-way meta),9
Immunological,Sum eosinophil basophil count (three-way meta),1
Immunological,Sum eosinophil basophil count (two-way meta),1
Immunological,Sum neutrophil eosinophil count (three-way meta),13
Immunological,Sum neutrophil eosinophil count (two-way meta),9
Immunological,White blood cell count (three-way meta),14
Immunological,White blood cell count (two-way meta),11
Immunological,White blood cells,1
Metabolic,Arms-arm fat ratio (female),15
Metabolic,Arms-arm fat ratio (male),1
Metabolic,Birth weight of first child (female),1
Metabolic,Blood sugar,1
Metabolic,Body Mass Index,49
Metabolic,Body Mass Index (female),17
Metabolic,Body Mass Index (male > 50 yrs),1
Metabolic,Body Mass Index (male),19
Metabolic,Chloride,1
Metabolic,Comparative body size at age 10,2
Metabolic,Diagnoses - secondary ICD10: E66 Overweight and obesity,1
Metabolic,Estimated glomerular filtration rate,13
Metabolic,Extreme obesity (childhood),1
Metabolic,Fasting glucose main effect,1
Metabolic,Free cholesterol in IDL ,1
Metabolic,Free cholesterol in large LDL ,1
Metabolic,HOMA-B,1
Metabolic,High-density lipoprotein cholesterol,2
Metabolic,Hip circumference,5
Metabolic,Impedance measures - Arm fat mass (left),4
Metabolic,Impedance measures - Arm fat mass (right),4
Metabolic,Impedance measures - Arm fat percentage (left),6
Metabolic,Impedance measures - Arm fat percentage (right),6
Metabolic,Impedance measures - Arm fat-free mass (left),6
Metabolic,Impedance measures - Arm fat-free mass (right),6
Metabolic,Impedance measures - Arm predicted mass (left),6
Metabolic,Impedance measures - Arm predicted mass (right),6
Metabolic,Impedance measures - Basal metabolic rate,6
Metabolic,Impedance measures - Body Mass Index (BMI),7
Metabolic,Impedance measures - Body fat percentage,5
Metabolic,Impedance measures - Impedance of arm (left),14
Metabolic,Impedance measures - Impedance of arm (right),11
Metabolic,Impedance measures - Impedance of leg (left),11
Metabolic,Impedance measures - Impedance of leg (right),9
Metabolic,Impedance measures - Impedance of whole body,15
Metabolic,Impedance measures - Leg fat mass (left),5
Metabolic,Impedance measures - Leg fat mass (right),5
Metabolic,Impedance measures - Leg fat percentage (left),6
Metabolic,Impedance measures - Leg fat percentage (right),6
Metabolic,Impedance measures - Leg fat-free mass (left),6
Metabolic,Impedance measures - Leg fat-free mass (right),6
Metabolic,Impedance measures - Leg predicted mass (left),6
Metabolic,Impedance measures - Leg predicted mass (right),7
Metabolic,Impedance measures - Trunk fat mass,5
Metabolic,Impedance measures - Trunk fat percentage,5
Metabolic,Impedance measures - Trunk fat-free mass,7
Metabolic,Impedance measures - Trunk predicted mass,7
Metabolic,Impedance measures - Weight,5
Metabolic,Impedance measures - Whole body fat mass,5
Metabolic,Impedance measures - Whole body fat-free mass,6
Metabolic,Impedance measures - Whole body water mass,6
Metabolic,Legs-leg fat ratio (female),3
Metabolic,Legs-leg fat ratio (male),1
Metabolic,Non-albumin protein,1
Metabolic,"Non-cancer illness code, self-reported: high cholesterol",1
Metabolic,Phospholipids in IDL ,1
Metabolic,Phospholipids in large LDL ,1
Metabolic,Serum creatinine,1
Metabolic,Thin vs extreme obese,1
Metabolic,Total cholesterol in LDL ,1
Metabolic,Total cholesterol in large LDL ,1
Metabolic,Total cholesterol in medium LDL ,1
Metabolic,Total cholesterol in small LDL ,1
Metabolic,Triglycerides cholesterol,1
Metabolic,Trunk-trunk fat ratio (female),5
Metabolic,Trunk-trunk fat ratio (male),2
Metabolic,Waist circumference,5
Metabolic,Waist-hip ratio,4
Metabolic,Waist-hip ratio (adjusted for BMI),13
Metabolic,"Waist-hip ratio (adjusted for BMI, female)",2
Metabolic,"Waist-hip ratio (adjusted for BMI, male)",10
Metabolic,Waist-hip ratio (female),3
Metabolic,Waist-hip ratio (male),2
Metabolic,Weight,5
Mortality,"Long-standing illness, disability or infirmity",1
Mortality,Number of self-reported non-cancer illnesses,1
Neoplasms,BRCA1/2-negative breast cancer,1
Neurological,3rd ventricle,1
Neurological,Anterior corona radiata fractional anisotropy,1
Neurological,Frequent insomnia symptoms,2
Neurological,Inferior fronto-occipital fasciculus fractional anisotropy,3
Neurological,Inferior fronto-occipital fasciculus radial diusivities,1
Neurological,Insomnia,1
Neurological,Left caudate,2
Neurological,Left middle temporal,1
Neurological,Pain type(s) experienced in last month: Knee pain,2
Neurological,Pain type(s) experienced in last month: Neck or shoulder pain,1
Neurological,Sleeplessness / insomnia,2
Nutritional,Bread type: White,1
Nutritional,Bread type: Wholemeal or wholegrain,1
Nutritional,"Cereal type: Oat cereal (e.g. Ready Brek, porridge)",1
Nutritional,Cheese intake,2
Nutritional,"Coffee type: Ground coffee (include espresso, filter etc)",1
Nutritional,Major dietary changes in the last 5 years,1
Nutritional,Milk type used: Skimmed,1
Nutritional,"Never eat eggs, dairy, wheat, sugar: I eat all of the above",1
Nutritional,"Never eat eggs, dairy, wheat, sugar: Sugar or foods/drinks containing sugar",1
Nutritional,Non-oily fish intake,4
Nutritional,Oily fish intake,7
Nutritional,Pork intake,1
Nutritional,Poultry intake,4
Ophthalmological,Age-related Macular Degeneration,1
Psychiatric,Anxiety/tension factors,1
Psychiatric,Autism spectrum disorder,1
Psychiatric,Average weekly beer plus cider intake,1
Psychiatric,Bipolar disorder,1
Psychiatric,Chronotype,9
Psychiatric,Chronotype (continuous),1
Psychiatric,Cigarettes per day,2
Psychiatric,Drinks per week,2
Psychiatric,Happiness and subjective well-being - General happiness with own health,1
Psychiatric,Long sleep,1
Psychiatric,Morning person (binary),5
Psychiatric,Morning/evening person (chronotype),2
Psychiatric,Morningness,2
Psychiatric,Neuroticism,19
Psychiatric,Neuroticism (MA GWAMA),9
Psychiatric,Neuroticism (univariate),10
Psychiatric,Neuroticism general factor,9
Psychiatric,Neuroticism score,1
Psychiatric,Schizophrenia,5
Psychiatric,Schizophrenia vs Bipolar disorder,2
Psychiatric,Schizophrenia/Bipolar disorder,2
Psychiatric,Sensitivity / hurt feelings,1
Psychiatric,Sensitivity / hurt feelings (HURT),1
Psychiatric,Short sleep,1
Psychiatric,Sleep duration,8
Psychiatric,Sleep duration (mean),1
Psychiatric,Sleep sedentary (conditioning sex and BMI),2
Psychiatric,Well-being spectrum,9
Psychiatric,Why stopped smoking: Health precaution,2
Psychiatric,Worrier / anxious feelings,1
Psychiatric,Worry/vulnerability factors,1
Reproduction,Age at first birth,1
Reproduction,Age at first birth (female),1
Reproduction,Age at first live birth (female),1
Reproduction,Age at last live birth (female),2
Reproduction,Age at menarche,1
Reproduction,Age first had sexual intercourse,1
Reproduction,Age started oral contraceptive pill (female),1
Reproduction,Age when periods started (menarche) (female),2
Reproduction,Number of live births (female),1
Reproduction,Number of pregnancy terminations (female),1
Reproduction,Number of sexual partners,5
Respiratory,"Asthma, hay fever or eczema",1
Respiratory,"Blood clot, DVT, bronchitis, emphysema, asthma, rhinitis, eczema, allergy diagnosed by doctor: Hayfever, allergic rhinitis or eczema",2
Respiratory,Diagnoses - secondary ICD10: J45 Asthma,1
Respiratory,Doctor diagnosed hayfever or allergic rhinitis,2
Respiratory,FEV1,7
Respiratory,FEV1/FVC ratio,10
Respiratory,FVC,5
Respiratory,"Non-cancer illness code, self-reported: hayfever/allergic rhinitis",2
Respiratory,PEF,3
Skeletal,Comparative height size at age 10,1
Skeletal,Diagnoses - main ICD10: M16 Osteoarthritis of hip,1
Skeletal,Diagnoses - main ICD10: M17 Osteoarthritis of knee,2
Skeletal,Estimated BMD,14
Skeletal,Estimated bone mineral density from heel ultrasounds,18
Skeletal,Heel bone mineral density,20
Skeletal,Height,16
Skeletal,"Non-cancer illness code, self-reported: osteoarthritis",1
Skeletal,Sitting height,7
Skeletal,Standing height,8
Skeletal,Systemic Lupus Erythematosus,2
Skeletal,Total body BMD,1
Skeletal,Total body BMD (60 or older),1
Social Interactions,Social support - Leisure/social activities: Religious group,2
Activities,Automobile speeding propensity,1
Activities,First PC of the four riskly behaviours,1
Activities,General risk tolerance,3
Activities,Positive affect (MA GWAMA),1
Cardiovascular,Diagnoses - secondary ICD10: I10 Essential (primary) hypertension,1
Cardiovascular,Systolic Blood Pressure (automated reading),1
Cell,Rubella IgG levels,1
Connective Tissue,Carpal tunnel syndrome,2
Dermatological,"Hair colour (natural, before greying): Dark brown",1
Endocrine,Type 2 Diabetes,4
Environmental,Agents acting on the renin-angiotensin system,2
Environmental,"Anti-inflammatory and antirheumatic products, non-steroids",1
Environmental,Calcium channel blockers,1
Environmental,Diuretics,3
Environmental,Thyroid preparations,4
Immunological,Basophil count (three-way meta),1
Immunological,Basophil count (two-way meta),1
Immunological,Eosinophil percentage of granulocytes (three-way meta),1
Immunological,Eosinophil percentage of granulocytes (two-way meta),1
Immunological,Eosinophil percentage of white cells (three-way meta),1
Immunological,Granulocyte count (three-way meta),3
Immunological,Granulocyte count (two-way meta),3
Immunological,High light scatter percentage of red cells (three-way meta),1
Immunological,High light scatter percentage of red cells (two-way meta),1
Immunological,High light scatter reticulocyte count (three-way meta),1
Immunological,High light scatter reticulocyte count (two-way meta),1
Immunological,Immature fraction of reticulocytes (three-way meta),1
Immunological,Immature fraction of reticulocytes (two-way meta),1
Immunological,Immunoglobulin A deficiency,1
Immunological,Monocyte count (three-way meta),3
Immunological,Monocyte count (two-way meta),1
Immunological,Myeloid white cell count (three-way meta),6
Immunological,Myeloid white cell count (two-way meta),3
Immunological,Neutrophil count (three-way meta),4
Immunological,Neutrophil count (two-way meta),3
Immunological,Platelet distribution width (three-way meta),5
Immunological,Platelet distribution width (two-way meta),5
Immunological,Red cell distribution width (three-way meta),6
Immunological,Red cell distribution width (two-way meta),6
Immunological,Reticulocyte count (three-way meta),2
Immunological,Reticulocyte count (two-way meta),2
Immunological,Reticulocyte fraction of red cells (three-way meta),2
Immunological,Reticulocyte fraction of red cells (two-way meta),1
Immunological,Sum basophil neutrophil count (three-way meta),4
Immunological,Sum basophil neutrophil count (two-way meta),3
Immunological,Sum neutrophil eosinophil count (three-way meta),3
Immunological,Sum neutrophil eosinophil count (two-way meta),3
Immunological,White blood cell count (three-way meta),5
Immunological,White blood cell count (two-way meta),4
Metabolic,Arms-arm fat ratio (female),4
Metabolic,Arms-arm fat ratio (male),1
Metabolic,Body Mass Index,11
Metabolic,Body Mass Index (female),5
Metabolic,Body Mass Index (male),5
Metabolic,Estimated glomerular filtration rate,8
Metabolic,Hip circumference,1
Metabolic,Impedance measures - Arm fat-free mass (left),3
Metabolic,Impedance measures - Arm fat-free mass (right),3
Metabolic,Impedance measures - Arm predicted mass (left),3
Metabolic,Impedance measures - Arm predicted mass (right),3
Metabolic,Impedance measures - Basal metabolic rate,2
Metabolic,Impedance measures - Body Mass Index (BMI),1
Metabolic,Impedance measures - Impedance of arm (left),2
Metabolic,Impedance measures - Impedance of arm (right),2
Metabolic,Impedance measures - Impedance of leg (left),3
Metabolic,Impedance measures - Impedance of leg (right),3
Metabolic,Impedance measures - Impedance of whole body,4
Metabolic,Impedance measures - Leg fat-free mass (left),2
Metabolic,Impedance measures - Leg fat-free mass (right),2
Metabolic,Impedance measures - Leg predicted mass (left),2
Metabolic,Impedance measures - Leg predicted mass (right),2
Metabolic,Impedance measures - Trunk fat-free mass,2
Metabolic,Impedance measures - Trunk predicted mass,1
Metabolic,Impedance measures - Weight,1
Metabolic,Impedance measures - Whole body fat-free mass,2
Metabolic,Impedance measures - Whole body water mass,2
Metabolic,Low-density-lipoprotein cholesterol,1
Metabolic,Total cholesterol,1
Metabolic,Triglycerides cholesterol,3
Metabolic,Trunk-trunk fat ratio (female),2
Metabolic,Waist-hip ratio,1
Metabolic,Waist-hip ratio (adjusted for BMI),5
Metabolic,"Waist-hip ratio (adjusted for BMI, female)",2
Metabolic,"Waist-hip ratio (adjusted for BMI, male)",4
Metabolic,Waist-hip ratio (female),1
Metabolic,Weight,1
Neurological,Inferior fronto-occipital fasciculus fractional anisotropy,2
Neurological,Inferior fronto-occipital fasciculus radial diusivities,2
Neurological,Left pallidum,1
Neurological,Pain type(s) experienced in last month: Knee pain,1
Nutritional,Cheese intake,1
Nutritional,Non-oily fish intake,2
Nutritional,Oily fish intake,2
Nutritional,Poultry intake,1
Nutritional,Salt added to food,1
Psychiatric,Alcohol intake frequency,1
Psychiatric,Autism spectrum disorder,1
Psychiatric,Chronotype,2
Psychiatric,Ever smoker,1
Psychiatric,Irritability,1
Psychiatric,Morning person (binary),1
Psychiatric,Neuroticism,8
Psychiatric,Neuroticism (MA GWAMA),3
Psychiatric,Neuroticism (univariate),5
Psychiatric,Neuroticism general factor,4
Psychiatric,Neuroticism score,1
Psychiatric,Sleep duration,2
Psychiatric,Well-being spectrum,3
Psychiatric,Worrier / anxious feelings,1
Reproduction,Number of sexual partners,1
Respiratory,"Asthma, hay fever or eczema",1
Respiratory,FEV1,2
Respiratory,FEV1/FVC ratio,7
Skeletal,Diagnoses - main ICD10: M16 Osteoarthritis of hip,1
Skeletal,Diagnoses - main ICD10: M23 Internal derangement of knee,1
Skeletal,Estimated BMD,5
Skeletal,Estimated bone mineral density from heel ultrasounds,7
Skeletal,Heel bone mineral density,8
Skeletal,Height,6
Skeletal,"Non-cancer illness code, self-reported: osteoarthritis",2
Skeletal,Osteoarthritis (self reported),1
Skeletal,Standing height,2
Skeletal,Systemic Lupus Erythematosus,3
